{"type": "block", "layer": 1, "block": 0, "features": [{"geom": {"lines": [[-371.2931335978792, -161.61546951552737, 44.74884033203125, -339.21521653817035, -97.3487455745344, 48.186519622802734, -291.04264140850864, -35.125836032035295, 50.118587493896484, -246.88444753969088, 45.161789184086956, 49.619346618652344, -185.4494594032294, 105.49230664255447, 48.3780517578125, -155.08087613416137, 144.80568401399069, 49.9314079284668, -109.30984666873701, 181.51948375013308, 47.54983901977539, -72.25886269460898, 219.78737402913976, 53.21107864379883, -42.15100323857041, 233.83770844194805, 53.741851806640625, 33.6289367734571, 233.54582384598325, 48.37031173706055, 87.33521417790325, 221.34993869933533, 47.40382385253906, 152.18647592864, 193.40496117519797, 47.837562561035156, 214.1394257414504, 139.05929812096292, 46.99052047729492, 260.5055243932875, 67.36482350621372, 45.40398406982422, 297.9644968669163, 48.05779277611873, 45.532257080078125, 371.2931335978792, 2.07916345319245, 45.85205841064453]]}, "mtl": 0}, {"geom": {"lines": [[-367.0975205794093, -304.05897156801075, 38.705095291137695, -360.3157911177841, -297.7250921651721, 39.08879089355469, -347.69757209764794, -284.21748325799126, 38.237449645996094, -333.46733390755253, -270.8766349547659, 38.090816497802734, -292.5553991110064, -194.38910468303948, 38.35890007019043, -247.71312742121518, -127.76212574064266, 38.45716857910156, -222.90505359467352, -82.7150870115438, 38.82391166687012, -200.89265389437787, -44.91601681910106, 40.539113998413086, -177.76851683540735, -17.344930325780297, 39.69488716125488, -147.0845657379832, 18.45301262117573, 40.150800704956055, -115.18411621346604, 62.278052338253474, 39.037038803100586, -95.16643109120196, 98.2201681008737, 39.439767837524414, -86.27253222244326, 115.61885776298004, 39.503353118896484, -79.65769493876724, 120.67726274463348, 39.2503719329834, -57.978816446033306, 129.34881414179108, 39.90054512023926, -46.86144286004128, 133.40665550061385, 41.45759201049805, -14.221174249018077, 131.21142060292186, 38.983829498291016, 39.629530624253675, 114.56186636164784, 38.37503433227539, 115.66427724459209, 68.31544947082875, 39.45390510559082, 162.43877760734176, 26.910771815804765, 38.41468620300293, 208.84349099185783, -11.313136067357846, 38.25008583068848, 264.71043412026484, -57.68837366174557, 39.3037109375, 299.35361502238084, -77.75675905568642, 40.41175079345703, 340.0399206139846, -95.57245987240458, 41.70578384399414, 371.2931335978792, -101.31155328749446, 41.38487243652344]]}, "mtl": 0}], "featureCount": 2, "startIndex": 0}