{"type": "block", "layer": 2, "block": 0, "features": [{"geom": {"triangles": {"v": [-150.03303179796785, 114.52953781644464, 34.94508743286133, -152.84553179796785, 112.32641281644464, 35.24571990966797, -147.56428179796785, 111.57641281644464, 33.87568664550781, -150.40803179796785, 109.10766281644464, 34.213443756103516, -149.03303179796785, 104.01391281644464, 34.330055236816406, -142.34553179796785, 109.96703781644464, 33.85342216491699, -144.90803179796785, 112.76391281644464, 33.84233474731445, -145.28303179796785, 113.26391281644464, 33.84310340881348, -141.15803179796785, 115.70141281644464, 33.848615646362305, -138.90803179796785, 112.79516281644464, 33.81974983215332, -142.00178179796785, 109.51391281644464, 33.83722114562988, -152.00178179796785, 107.82641281644464, 34.60497283935547], "f": [0, 1, 2, 1, 3, 2, 4, 2, 3, 5, 2, 4, 6, 2, 5, 7, 2, 6, 6, 5, 8, 8, 5, 9, 10, 5, 4, 3, 11, 4]}, "centroids": [[-146.47607657511253, 110.23641984153073, 33.83628463745117]]}, "mtl": 0}], "featureCount": 1, "startIndex": 0}